{
  "format": "stereo_events_calibration_v1",
  "image_size": {
    "width": 320,
    "height": 320
  },
  "board_size": {
    "columns": 6,
    "rows": 4
  },
  "square_size_m": 0.0345714285714,
  "reprojection_rms": 0.8731707578789678,
  "left_intrinsics": [
    [
      180.313893921916,
      0.0,
      162.685491499682
    ],
    [
      0.0,
      179.87572518713898,
      161.21700263374032
    ],
    [
      0.0,
      0.0,
      1.0
    ]
  ],
  "left_distortion": [
    0.012650581670569785,
    0.0885223057745564,
    0.004191080029445167,
    0.004201219183463971,
    -0.08823922803890448
  ],
  "right_intrinsics": [
    [
      181.74648009442842,
      0.0,
      164.04623194051084
    ],
    [
      0.0,
      181.55472283794109,
      160.32652750983195
    ],
    [
      0.0,
      0.0,
      1.0
    ]
  ],
  "right_distortion": [
    0.08333962180875597,
    -0.14765390535081405,
    0.004985891152359366,
    0.006921929542479206,
    0.1749265988526246
  ],
  "rotation_left_to_right": [
    [
      0.9670388732503895,
      0.011945416642415588,
      0.25434843157341525
    ],
    [
      -0.00885759527516729,
      0.9998725576479928,
      -0.01328199790704086
    ],
    [
      -0.25447467580990946,
      0.010591292824787931,
      0.9670214392079118
    ]
  ],
  "translation_left_to_right": [
    -0.07870529220859573,
    0.00034693027913633087,
    0.020097640396032148
  ]
}
